{
    "name": "root",
    "gauges": {
        "StealthAgent.Policy.Entropy.mean": {
            "value": 1.6091686487197876,
            "min": 1.6091686487197876,
            "max": 1.6091686487197876,
            "count": 1
        },
        "StealthAgent.Policy.Entropy.sum": {
            "value": 6304.72265625,
            "min": 6304.72265625,
            "max": 6304.72265625,
            "count": 1
        },
        "StealthAgent.Step.mean": {
            "value": 9984.0,
            "min": 9984.0,
            "max": 9984.0,
            "count": 1
        },
        "StealthAgent.Step.sum": {
            "value": 9984.0,
            "min": 9984.0,
            "max": 9984.0,
            "count": 1
        },
        "StealthAgent.Policy.ExtrinsicValueEstimate.mean": {
            "value": 0.019892165437340736,
            "min": 0.019892165437340736,
            "max": 0.019892165437340736,
            "count": 1
        },
        "StealthAgent.Policy.ExtrinsicValueEstimate.sum": {
            "value": 1.2333142757415771,
            "min": 1.2333142757415771,
            "max": 1.2333142757415771,
            "count": 1
        },
        "StealthAgent.Environment.EpisodeLength.mean": {
            "value": 899.6666666666666,
            "min": 899.6666666666666,
            "max": 899.6666666666666,
            "count": 1
        },
        "StealthAgent.Environment.EpisodeLength.sum": {
            "value": 2699.0,
            "min": 2699.0,
            "max": 2699.0,
            "count": 1
        },
        "StealthAgent.Environment.CumulativeReward.mean": {
            "value": -5.5023336708545685,
            "min": -5.5023336708545685,
            "max": -5.5023336708545685,
            "count": 1
        },
        "StealthAgent.Environment.CumulativeReward.sum": {
            "value": -16.507001012563705,
            "min": -16.507001012563705,
            "max": -16.507001012563705,
            "count": 1
        },
        "StealthAgent.Policy.ExtrinsicReward.mean": {
            "value": -5.5023336708545685,
            "min": -5.5023336708545685,
            "max": -5.5023336708545685,
            "count": 1
        },
        "StealthAgent.Policy.ExtrinsicReward.sum": {
            "value": -16.507001012563705,
            "min": -16.507001012563705,
            "max": -16.507001012563705,
            "count": 1
        },
        "StealthAgent.IsTraining.mean": {
            "value": 1.0,
            "min": 1.0,
            "max": 1.0,
            "count": 1
        },
        "StealthAgent.IsTraining.sum": {
            "value": 1.0,
            "min": 1.0,
            "max": 1.0,
            "count": 1
        }
    },
    "metadata": {
        "timer_format_version": "0.1.0",
        "start_time_seconds": "1765824334",
        "python_version": "3.8.0 (default, Nov  6 2019, 16:00:02) [MSC v.1916 64 bit (AMD64)]",
        "command_line_arguments": "C:\\Users\\NSU\\anaconda3\\envs\\mlpy38\\Scripts\\mlagents-learn configuration.yaml --resume",
        "mlagents_version": "0.27.0",
        "mlagents_envs_version": "0.27.0",
        "communication_protocol_version": "1.5.0",
        "pytorch_version": "2.0.0+cu118",
        "numpy_version": "1.19.0",
        "end_time_seconds": "1765824402"
    },
    "total": 68.8229264,
    "count": 1,
    "self": 0.010636599999997998,
    "children": {
        "run_training.setup": {
            "total": 0.056238199999999905,
            "count": 1,
            "self": 0.056238199999999905
        },
        "TrainerController.start_learning": {
            "total": 68.7560516,
            "count": 1,
            "self": 0.16942410000002894,
            "children": {
                "TrainerController._reset_env": {
                    "total": 5.9687543000000005,
                    "count": 1,
                    "self": 5.9687543000000005
                },
                "TrainerController.advance": {
                    "total": 62.28440749999997,
                    "count": 10730,
                    "self": 0.1582072000004615,
                    "children": {
                        "env_step": {
                            "total": 59.22284499999981,
                            "count": 10730,
                            "self": 32.65679649999988,
                            "children": {
                                "SubprocessEnvManager._take_step": {
                                    "total": 26.45805239999999,
                                    "count": 10730,
                                    "self": 0.42342560000008334,
                                    "children": {
                                        "TorchPolicy.evaluate": {
                                            "total": 26.034626799999906,
                                            "count": 10721,
                                            "self": 11.289854699999426,
                                            "children": {
                                                "TorchPolicy.sample_actions": {
                                                    "total": 14.74477210000048,
                                                    "count": 10721,
                                                    "self": 14.74477210000048
                                                }
                                            }
                                        }
                                    }
                                },
                                "workers": {
                                    "total": 0.10799609999994164,
                                    "count": 10729,
                                    "self": 0.0,
                                    "children": {
                                        "worker_root": {
                                            "total": 60.56497700000021,
                                            "count": 10729,
                                            "is_parallel": true,
                                            "self": 36.46963400000026,
                                            "children": {
                                                "steps_from_proto": {
                                                    "total": 0.00031610000000004135,
                                                    "count": 1,
                                                    "is_parallel": true,
                                                    "self": 0.00018049999999991684,
                                                    "children": {
                                                        "_process_rank_one_or_two_observation": {
                                                            "total": 0.0001356000000001245,
                                                            "count": 2,
                                                            "is_parallel": true,
                                                            "self": 0.0001356000000001245
                                                        }
                                                    }
                                                },
                                                "UnityEnvironment.step": {
                                                    "total": 24.09502689999995,
                                                    "count": 10729,
                                                    "is_parallel": true,
                                                    "self": 0.5814143000003611,
                                                    "children": {
                                                        "UnityEnvironment._generate_step_input": {
                                                            "total": 0.4657390999997544,
                                                            "count": 10729,
                                                            "is_parallel": true,